PART A.

CREATE TABLE DEPT_1362(DEPTNO INT, DNAME VARCHAR(20), LOC VARCHAR(20));
INSERT INTO DEPT_1362 VALUES(10,'INVENTORY','HYBD');
INSERT INTO DEPT_1362 VALUES(20,'FINANCE','BGLR');
INSERT INTO DEPT_1362 VALUES(30,'HR','MUMBAI');
 
CREATE TABLE EMP_1362(EMPNO INT, ENAME VARCHAR(20), JOB VARCHAR(20), MGR INT, DEPTNO INT);
INSERT INTO EMP_1362 VALUES(111,'SAKETH','ANALYST',111,10);
INSERT INTO EMP_1362 VALUES(222,'SUDHA','CLERK',222,20);
INSERT INTO EMP_1362 VALUES(333,'JAGAN','MANAGER',333,10);
INSERT INTO EMP_1362 VALUES(444,'MADHU','ENGINEER',444,40);
 
SELECT * FROM DEPT_1362;
SELECT * FROM EMP_1362;
 
SELECT EMPNO,ENAME,JOB,DNAME,LOC FROM EMP_1362 E, DEPT_1362 D WHERE E.DEPTNO = D.DEPTNO;

SELECT EMPNO,ENAME,JOB,DNAME,LOC FROM EMP_1362 E, DEPT_1362 D WHERE E.DEPTNO > D.DEPTNO;
SELECT EMPNO,ENAME,JOB,DNAME,LOC FROM EMP_1362 CROSS JOIN DEPT_1362;
 
SELECT EMPNO,ENAME,JOB,DNAME,LOC FROM EMP_1362 E LEFT OUTER JOIN DEPT_1362 D ON(E.DEPTNO = D.DEPTNO);
SELECT EMPNO,EnAME,JOB,DNAME,LOC FROM EMP_1362 E RIGHT OUTER JOIN DEPT_1362 D ON(E.DEPTNO = D.DEPTNO);

SELECT * FROM EMP_1362 INNER JOIN DEPT_1362 ON EMP_1362.DEPTNO = DEPT_1362.DEPTNO;
SELECT EMPNO,ENAME,JOB,DNAME,LOC FROM EMP_1362 E1, EMP_1362 E2 WHERE E1.EMPNO=E2.MGR;


PART B - 

CREATE TABLE salesman_1362 (
    salesman_id INT PRIMARY KEY,
    name VARCHAR(20),
    city VARCHAR(20),
    commission FLOAT
);

CREATE TABLE customer_1362 (
    customer_id INT PRIMARY KEY,
    cust_name VARCHAR(20),
    city VARCHAR(20),
    grade INT,
    salesman_id INT,
    FOREIGN KEY (salesman_id) REFERENCES salesman_1362(salesman_id)
);

CREATE TABLE orders_1362(
    ord_no INT PRIMARY KEY,
    purch_amt FLOAT,
    ord_date DATE,
    customer_id INT,
    salesman_id INT,
    FOREIGN KEY (customer_id) REFERENCES customer_1362(customer_id),
    FOREIGN KEY (salesman_id) REFERENCES salesman_1362(salesman_id)
);

INSERT INTO SALESMAN_1362 VALUES(5001,'JAMES HOOG','NEW YORK', 0.15);
INSERT INTO SALESMAN_1362 VALUES(5002,'NAIL KNITE','PARIS', 0.13);
INSERT INTO SALESMAN_1362 VALUES(5005,'PIT ALEX','LONDON', 0.11);
INSERT INTO SALESMAN_1362 VALUES(5006,'MC LYON','PARIS', 0.14);
INSERT INTO SALESMAN_1362 VALUES(5007,'PAUL ADAM','ROME', 0.13);
INSERT INTO SALESMAN_1362 VALUES(5003,'LAUSON HEM','SAN JOSE', 0.13);

INSERT INTO CUSTOMER_1362 VALUES(3002,'NICK RIMANDO','NEW YORK',100,5001);
INSERT INTO CUSTOMER_1362 VALUES(3007,'BRAD DAVIS','NEW YORK',200,5001);
INSERT INTO CUSTOMER_1362 VALUES(3005,'GRAHAM ZUSI','CALIFORNIA',200,5002);
INSERT INTO CUSTOMER_1362 VALUES(3008,'JULIAN GREEN','LONDON',300,5002);
INSERT INTO CUSTOMER_1362 VALUES(3004,'FABIAN JOHNSON','PARIS',300,5006);
INSERT INTO CUSTOMER_1362 VALUES(3009,' GEOFF CAMEROON','BERLIN',100,5003);
INSERT INTO CUSTOMER_1362 VALUES(3003,'JOZY ALTIDOR','MOSCOW',200,5007);

INSERT INTO ORDERS_1362 VALUES(7001,150.5,'2012-10-05',3005,5002);
INSERT INTO ORDERS_1362 VALUES(7009,270.65,'2012-09-10',3002,5005);
INSERT INTO ORDERS_1362 VALUES(7002,65.26,'2012-10-05',3002,5001);
INSERT INTO ORDERS_1362 VALUES(7004,110.5,'2012-08-17',3009,5003);
INSERT INTO ORDERS_1362 VALUES(7007,948.5,'2012-09-10',3005,5001);
INSERT INTO ORDERS_1362 VALUES(7005,2400.6,'2012-07-27',3007,5001);
INSERT INTO ORDERS_1362 VALUES(7008,5760,'2012-09-10',3002,5001);




SELECT CUST_NAME FROM CUSTOMER_1362 UNION SELECT NAME FROM SALESMAN_1362;
SELECT CITY FROM CUSTOMER_1362 INTERSECT SELECT CITY FROM SALESMAN_1362;

SELECT CITY FROM CUSTOMER_1362 EXCEPT SELECT CITY FROM SALESMAN_1362;

SELECT NAME, CUST_NAME,CITY FROM SALESMAN_1362 INNER JOIN CUSTOMER_1362 ON SALESMAN_1362.CITY = CUSTOMER_1362.CITY;

SELECT * FROM SALESMAN_1362 LEFT JOIN CUSTOMER_1362 ON SALESMAN_1362.SALESMAN_ID = CUSTOMER_1362.SALESMAN_ID WHERE CUSTOMER_1362.SALESMAN_ID IS NULL;


SELECT ord_no, purch_amt, cust_name, city FROM orders_1362 INNER JOIN customer_1362 ON orders_1362.customer_id = customer_1362.customer_id WHERE purch_amt BETWEEN 700 AND 2000;

SELECT NAME, cust_name FROM salesman_1362 INNER JOIN customer_1362 ON salesman_1362.salesman_id = customer_1362.salesman_id;

SELECT cust_name FROM customer_1362 INNER JOIN salesman_1362 ON customer_1362.salesman_id = salesman_1362.salesman_id WHERE salesman_1362.commission > 0.12;

SELECT cust_name FROM customer_1362 INNER JOIN salesman_1362 ON customer_1362.salesman_id = salesman_1362.salesman_id WHERE salesman_1362.commission > 0.12 AND salesman_1362.city != customer_1362.city;

SELECT orders_1362.ord_no, orders_1362.ord_date, orders_1362.purch_amt, customer_1362.cust_name, salesman_1362.name, salesman_1362.commission FROM orders_1362 INNER JOIN customer_1362 ON orders_1362.customer_id = customer_1362.customer_id
INNER JOIN salesman_1362 ON customer_1362.salesman_id = salesman_1362.salesman_id;

SELECT * FROM salesman_1362 INNER JOIN customer_1362 ON salesman_1362.salesman_id = customer_1362.salesman_id INNER JOIN orders_1362 ON customer_1362.customer_id = orders_1362.customer_id;

SELECT cust_name FROM customer_1362 WHERE grade < 250 ORDER BY cust_name ASC;

SELECT name FROM salesman_1362 WHERE salesman_id IN (SELECT salesman_id FROM customer_1362) ORDER BY name ASC;

SELECT name
FROM salesman_1362
WHERE salesman_id IN (
    SELECT customer_1362.salesman_id
    FROM customer_1362
    INNER JOIN orders_1362 ON customer_1362.customer_id = orders_1362.customer_id
)
ORDER BY name ASC;

SELECT * FROM salesman_1362 CROSS JOIN customer_1362;

 













 






